{
  "validation": {
    "accuracy": 0.7857142857142857,
    "precision": 0.8888888888888888,
    "recall": 0.5517241379310345,
    "f1": 0.6808510638297872,
    "roc_auc": 0.8023549201009252,
    "n": 70
  },
  "test": {
    "accuracy": 0.86,
    "precision": 0.9347826086956522,
    "recall": 0.7049180327868853,
    "f1": 0.8037383177570093,
    "roc_auc": 0.8320132621108859,
    "n": 150
  }
}